,LA code,Ofsted Avg,lonely_avg,KS2 metrics PCA,GDHI income index,LA name,LA flow rate,All Ages,meds,old%,young%,Unnamed: 0_x,3rd Pref %P,Non Preferred Offer %P,No Offer %P,Offer in diff LA code %P,3rd Pref %S,Non Preferred Offer %S,No Offer %S,Offer in diff LA code %S,FSM Eligible %,<2 A levels,< AAB,perm_excl_rate,Unsuccessful Appeals,% of ppl not doing degrees,progression_rate,total_pop,Unnamed: 0_y,"Average Rainfall (June, mm)"
0,E06000003,2.7916666666666665,0.6492659247524394,-18159.719121706472,76.2,Redcar and Cleveland,0.0065755789288901,7222.526315789473,44.315925607886754,0.227441976835674,0.2725328920629762,8,0.263331139,0.526662278,0.0,1.371652515,0.946585531,1.487491548,0.135226504,1.928191489,17.97113327,23.263,86.907,26.902558,58.20000000000001,23.0,0.3744210526315789,7550.0,76,89.0
1,E06000004,3.085714285714286,0.635474494702919,-11390.33647471165,79.3,Stockton-on-Tees,0.0065107269804728,8225.791666666666,41.91437943343714,0.1983210677294779,0.2821871888660826,10,0.672268908,0.504201681,0.084033613,1.04427736,1.909090909,1.545454545,0.5,2.574525745,16.43831262,22.014,81.56,12.7347978,71.0,22.7,0.4273333333333333,10385.0,77,66.6
2,E06000005,2.8947368421052637,0.967079455657258,-22128.62643563443,82.8,Darlington,0.0071786498507966,7160.133333333333,42.79504812025278,0.2044869661490366,0.2773094353654439,0,0.356824264,1.33809099,0.0,0.71237756,2.852049911,8.199643494,0.0,1.426024955,16.55899561,23.524,82.458,6.1762708,71.2,35.8,0.3905333333333333,5635.0,95,71.2
3,E06000007,3.189873417721519,0.1198035324209876,-12615.781889383212,98.5,Warrington,0.0050346700262948,8375.88,43.22405177226192,0.1986776578982816,0.275404146872013,32,1.403368083,2.165196472,0.0,0.561347233,1.249461439,2.498922878,0.043084877,2.835378756,10.9932915,39.53099999999999,87.766,2.4819285,76.1,47.8,0.44536,11660.0,117,50.7
4,E06000008,2.935064935064935,-0.6547419701582997,-15969.891271330373,67.3,Blackburn with Darwen,0.0079426891004552,8335.0,37.211131066052765,0.1506096378012633,0.3385646112182737,12,2.344894968,3.566194431,0.0,3.712750366,3.8046272490000006,4.935732648,0.0,7.403598972,15.19591642,20.973,89.454,3.3464713,86.7,35.400000000000006,0.4653333333333333,8990.0,129,102.2
5,E06000009,3.0232558139534884,-0.4719562069533489,-19457.13904125465,76.2,Blackpool,0.0113922687627866,7283.210526315789,42.85342282695942,0.2029173264568146,0.2865517099618846,13,1.026957638,1.283697047,0.0,3.2092426189999994,3.182461103,4.101838755,0.0,17.48107364,25.52116235,24.507,86.81099999999999,22.3749401,71.6,47.6,0.3788947368421052,7610.0,130,62.5
6,E06000010,3.013157894736842,-0.4659581244909339,-4770.902001419695,69.0,"Kingston upon Hull, City of",0.0057242609679832,8097.6875,36.94646160928529,0.1597761124926021,0.3193547359737866,49,0.636556532,2.485601697,0.0,4.183085784,2.21402214,6.239516941,0.06709158,7.98925814,22.46175756,24.234,87.18599999999999,11.4939657,70.6,42.50000000000001,0.31746875,13030.0,78,69.6
7,E06000011,2.98581560283688,-1.090588172954776,-4941.681652427293,96.1,East Riding of Yorkshire,0.0063424947145877,7981.418604651163,49.007015889133136,0.2658467738398114,0.2417824042798808,39,0.062460962,0.749531543,0.0,0.780762024,0.25502072,1.243226012,0.06375518,7.464114833,11.81553036,26.685,86.05000000000001,7.4988972,87.8,44.8,0.4371162790697674,17200.0,79,86.0
8,E06000013,3.073170731707317,-0.545969433988288,-17895.817414191417,79.3,North Lincolnshire,0.0056626260864509,7510.782608695652,44.28148595599683,0.2175862617565881,0.2711480338594334,43,0.518134715,1.813471503,0.0,1.295336788,0.736454498,2.577590742,0.0,4.809200209,13.7340993,37.481,90.891,10.679811,68.30000000000001,38.7,0.3594782608695652,9195.0,81,123.6
9,E06000014,3.0625,-0.2108217021368502,-17371.200406009077,94.5,York,0.0048834406102156,8792.166666666666,39.90567334136422,0.1980218909444399,0.3121610280759795,48,1.473577236,0.050813008,1.168699187,1.028277635,1.023155627,0.053850296,1.938610662,3.514552444,7.633047716000001,28.884,73.57400000000001,1.9882297,73.0,50.2,0.4634166666666666,8350.0,83,89.2
10,E06000015,2.8433734939759034,-1.279646820479617,-9513.923487713606,77.6,Derby,0.0080334715017847,8284.322580645161,38.61214120705045,0.1748900590539532,0.322696294170245,50,1.496338746,2.801655524,0.095510984,2.619949495,3.8804945050000006,6.009615385,0.343406593,5.519053876,15.90561756,18.248000000000008,87.104,15.0708802,83.7,42.2,0.3559354838709677,13345.0,90,91.6
11,E06000016,2.923809523809524,-0.7656396602020562,3665.092493367438,64.6,Leicester,0.0083357262300896,9568.54054054054,33.33429156953692,0.1290453573623987,0.3727325202235069,52,1.142857143,3.868131868,0.0,5.912087912,2.1875,5.745192308,0.0,13.10096154,15.57613535,21.717,84.42,3.7688442,84.0,37.5,0.4226756756756756,18925.0,102,95.5
12,E06000018,2.97979797979798,-0.9155720657820736,669.9490687378028,62.3,Nottingham,0.0081493585929217,8871.0,33.24898492886448,0.1285235092347025,0.3851181228080951,56,1.888828926,2.833243389,0.0269832699999999,6.018893387,3.685503686,5.251842752,0.245700246,14.606396059999998,23.05700609,26.989000000000008,85.004,12.0602558,79.89999999999999,41.400000000000006,0.3210526315789473,14115.0,132,63.9
13,E06000019,3.147058823529412,-0.340424154883256,-17376.879118294863,96.2,"Herefordshire, County of",0.0059341929237352,8418.04347826087,46.86194576839373,0.2514342959700174,0.2487012935739881,62,0.595560368,0.0,2.490525176,1.11049417,0.119760479,0.0,1.556886228,4.622871046,8.264708379,20.746,83.917,7.23589,85.2,43.50000000000001,0.3775217391304348,8870.0,124,100.3
14,E06000020,3.0294117647058822,-0.0312030431301065,-14729.62416961826,81.0,Telford and Wrekin,0.0067435699863328,7883.565217391304,40.473739145897824,0.1827968102181085,0.3078561609879781,68,1.120448179,3.734827264,0.0,1.6806722690000002,2.268145161,4.183467742,0.0,7.358870968000001,14.87921062,24.863000000000003,77.376,7.211043200000001,55.1,24.2,0.3640869565217391,9580.0,134,105.0
15,E06000021,2.847058823529412,-0.2068210368116606,-5905.957468759446,72.0,Stoke-on-Trent,0.0073563613763666,7547.705882352941,39.07224131858251,0.1794661907046455,0.3123311034039773,67,1.180289171,3.334316908,0.0,6.637168141999999,1.055223356,2.708406613,0.0,15.13793103,20.10248126,21.436999999999998,90.579,12.4990434,67.30000000000001,35.6,0.3397941176470588,13080.0,105,100.8
16,E06000023,2.8962962962962964,2.486619575039104,6745.969068412396,93.7,"Bristol, City of",0.0058868592268102,8030.521739130435,35.00816884402395,0.1472884936210258,0.3217439395013244,114,2.663972074,3.509094249,0.0,3.013044277,4.458598726,9.389006841,0.0,13.375796179999998,17.90494762,18.149000000000004,83.204,2.3932851,82.80000000000001,39.2,0.3444545454545454,17580.0,71,51.7
17,E06000025,2.936936936936937,0.1185978845853165,-8724.871269858026,107.3,South Gloucestershire,0.0065913304368746,8994.25,41.71166825782822,0.199346469902156,0.2833804955133777,110,1.7576898930000002,2.040175769,0.0,2.165725047,2.443342776,2.620396601,0.0,15.33286119,8.088460361,28.557,85.848,14.3072482,95.7,55.3,0.37284375,14710.0,73,67.1
18,E06000026,2.7093023255813957,0.2906483543221078,-9097.625975269311,80.9,Plymouth,0.0061421512732801,8026.103448275862,40.30740154955556,0.1941061215195623,0.3065688971861237,108,0.751622822,1.639904339,0.0,2.049880424,1.266308519,0.8442056789999999,0.0,4.988488104,15.06124223,26.083,83.19,10.3111386,77.3,43.3,0.35775,12735.0,119,94.7
19,E06000027,2.8378378378378377,-0.6650010166619601,-20513.874884576555,87.7,Torbay,0.0081234349683311,8012.823529411765,48.60073596578589,0.2754071946633478,0.2445712978995974,112,1.52173913,3.333333333,0.072463768,3.40826686,1.410788382,1.908713693,0.331950207,3.746877602000001,15.49409102,21.930000000000007,77.82900000000001,24.702561,86.1,46.1,0.3478823529411765,6745.0,120,96.0
20,E06000030,2.702702702702702,0.3479521383999852,-9736.227068967555,95.5,Swindon,0.0061847961224526,8254.851851851852,40.65626788593781,0.1648605541981956,0.2971063099965539,111,1.053013798,1.7792302110000002,0.072621641,1.767676768,0.804743753,1.482422702,0.0,15.31138437,12.2474118,42.92,92.437,9.7041699,80.60000000000001,60.8,0.3283703703703703,11735.0,107,82.3
21,E06000031,2.8412698412698414,0.4358910842760199,-6406.173514114865,84.6,Peterborough,0.0092966111390213,9210.272727272728,38.453895308609496,0.1607187951617462,0.3199562987969801,80,0.8568368439999999,2.177793645,0.0,0.9282399140000002,1.661695782,2.087771623,0.213037921,4.654141759,13.79050895,27.436000000000003,82.85,10.3003361,74.4,37.2,0.3875454545454545,10580.0,115,75.2
22,E06000032,2.8450704225352115,-0.7338581584843288,-10673.623884938146,79.1,Luton,0.010933683310837,10168.0,35.78234515803222,0.1352938124816352,0.3459630685578921,78,1.06075217,1.7357762779999997,0.032144005,3.2797427650000004,3.176748902,4.798918554,0.033795201,5.170665765,14.40409707,21.52200000000001,89.98899999999999,14.8085466,93.8,28.799999999999997,0.472,12580.0,84,89.5
23,E06000033,3.0,1.7704316584684872,-16622.74307906691,98.3,Southend-on-Sea,0.0074480853652521,10609.25,42.87599247896525,0.2049296722634783,0.2799025985621113,81,1.199040767,1.582733813,0.0,1.870503597,4.791666667,7.083333333,0.0,12.34375,11.66644031,12.397000000000002,80.12,5.4443991,83.7,41.6,0.3951176470588236,9550.0,122,70.5
24,E06000034,2.92,-0.6485630602318938,-13443.347456666304,92.9,Thurrock,0.0116852630053615,9238.473684210529,38.08718015122437,0.1481530219603141,0.3228571366881408,83,0.750883392,1.192579505,0.265017668,2.922940655,4.21101342,6.015733457,2.406293383,13.608345189999998,11.48187258,29.501999999999995,87.079,12.3365408,78.5,40.1,0.3308947368421052,9575.0,123,80.5
25,E06000035,2.9285714285714284,0.7063060958960985,-7661.600096777788,91.9,Medway,0.0089723056990156,7345.842105263157,39.00258046224966,0.1665513258279672,0.3099541679711596,91,1.421800948,2.517772512,0.0,3.050947867,3.5962145109999994,4.605678233,0.0,3.785488959,11.86959182,23.638000000000005,84.442,12.9306566,78.4,49.6,0.3708157894736842,15105.0,127,56.7
26,E06000041,3.0508474576271185,-0.4543751196058576,-17975.00113101766,120.4,Wokingham,0.0103286720363855,8697.25,41.50321293832148,0.1786395259607446,0.3008027341291772,102,1.839303001,0.9196514999999998,0.048402711,1.937046005,1.7507723999999998,2.626158599,0.102986612,14.53608247,5.316140708,13.656000000000002,82.614,5.8038305,81.5,32.2,0.5293,8085.0,113,72.4
27,E06000042,3.019230769230769,-0.0682637176832794,-5012.5661298954665,103.5,Milton Keynes,0.0090243366703027,8443.84375,38.96378235981416,0.1551641844149923,0.3137085209294273,92,1.360914535,1.306477953,0.0,3.565596081,2.86909743,3.197848177,0.059772863,7.296650718,10.23230088,28.822000000000003,87.885,2.1395409,84.8,37.3,0.43971875,14380.0,88,74.6
28,E06000043,2.986666666666667,1.5010114324680195,-13562.92455902873,107.0,Brighton and Hove,0.0054339778577454,8840.545454545454,36.38928461430822,0.1380581002921802,0.3178086847460925,85,1.7186251,1.318944844,0.0,0.4796163070000001,3.158344003,6.103286385,0.0,1.621852326,13.03433994,18.55899999999999,74.297,3.4355675000000003,75.4,33.900000000000006,0.4282727272727272,10400.0,97,84.4
29,E06000044,3.0,0.3428393627130432,-18441.902496110743,79.0,Portsmouth,0.0065773265840201,8587.68,35.315652693328765,0.1482364691249648,0.3376836762721353,94,2.303030303,3.757575758,0.0,2.343434343,0.258799172,0.776397516,0.0,9.472049689,18.62310745,26.02500000000001,93.506,7.3594918,84.6,50.9,0.31216,9080.0,99,89.0
30,E06000045,2.915492957746479,0.3661358907548005,-12843.971188414176,81.1,Southampton,0.0060246206427316,7902.25,33.95351037696763,0.1423248826788906,0.3549857462774279,97,2.88796103,4.558107168,0.034794711,2.958579882,1.432408236,2.506714414,0.044762757,10.66493955,18.68903015,37.5,91.169,3.5290343,76.5,51.6,0.33290625,10380.0,100,86.6
31,E06000046,2.769230769230769,0.8432062623202136,-21791.95365599353,88.5,Isle of Wight,0.0047478415690485,7905.333333333333,50.31825329706481,0.2895588209323867,0.2341720888164293,89,0.16064257,1.044176707,0.0,0.0,0.334448161,2.006688963,0.0,0.0,13.06317044,32.64900000000001,90.339,7.7760498,80.0,42.29999999999999,0.3358888888888889,6955.0,141,78.8
32,E06000047,3.011904761904762,-0.0124317058740562,11405.754127922148,78.0,County Durham,0.0049110023150783,8078.015151515152,43.626347759203554,0.2140764615440285,0.2759372584492003,1,0.398565165,0.657632523,0.079713033,2.028639618,0.454357703,1.383725733,0.082610492,4.161516275,18.13613083,30.075999999999997,78.67999999999999,12.2755869,58.60000000000001,48.0,0.3679090909090909,26340.0,94,89.4
33,E06000049,2.9652777777777777,-0.0721017419002089,426.0442191030133,118.8,Cheshire East,0.0056540350324325,7581.705882352941,45.97647514098254,0.2338700556875134,0.261008649950022,16,1.002109705,2.056962025,0.0,1.977848101,0.311931375,2.157525344,0.103977125,4.501691387,8.372032058,19.306,81.44,8.0376837,81.39999999999999,46.20000000000001,0.4738039215686275,18595.0,135,85.0
34,E06000050,3.0392156862745097,0.044417338989926,-1866.6810942257691,104.6,Cheshire West and Chester,0.0058237543391815,7315.382978723404,44.176579112396205,0.2196317880639852,0.2742020085499254,17,1.299802204,1.977959876,0.0,1.158519356,0.613317757,1.635514019,0.058411215,6.5166569260000005,11.57775714,15.590000000000003,76.81099999999999,4.8750762000000005,78.2,30.500000000000004,0.4336595744680851,16950.0,136,100.5
35,E06000051,2.960526315789474,0.0218199791317208,-9159.88425904462,97.4,Shropshire,0.006594353584743,8343.97435897436,47.57109020010058,0.2535276586549829,0.2455150900223307,64,0.359195402,1.077586207,0.0,2.478448276,0.263455024,0.752728641,0.0,5.83364697,8.586505456,13.805999999999996,87.96000000000001,15.9166175,56.1,44.7,0.396025641025641,14650.0,133,80.6
36,E06000054,2.8722466960352424,1.3751578372419746,7377.2629553454035,108.1,Wiltshire,0.0083985190658228,8130.16129032258,45.53302992284946,0.2276444722719477,0.2657885560643326,113,1.251659397,1.877489095,0.0,2.218850749,0.390455531,0.8676789590000001,0.0,7.765726681,7.308487701999999,18.087999999999997,78.847,3.2282205,64.2,40.900000000000006,0.4163387096774193,24730.0,106,83.9
37,E06000055,2.842857142857143,-0.2942025657878126,-13908.844126197677,104.6,Bedford,0.0078078113073422,8734.35,41.26687428959102,0.1854178510270414,0.3026649279539612,73,1.156626506,0.578313253,0.385542169,1.596516691,0.102669405,0.205338809,0.924024641,0.414507772,10.74090925,27.729000000000003,86.034,19.1781795,67.39999999999999,53.8,0.4247499999999999,8610.0,85,96.4
38,E06000056,2.9833333333333334,0.2630585264920966,-12158.190955429332,106.0,Central Bedfordshire,0.0096824467747508,8912.0,41.378435955354696,0.184443099231387,0.2832320616746923,75,0.620200827,0.8269344359999999,0.561134082,3.534303534,0.053304904,0.479744136,0.26652452,5.879208979,6.81961172,25.599000000000004,86.675,12.8918442,59.4,42.89999999999999,0.4096363636363636,13970.0,86,85.2
39,E08000003,3.077777777777778,-0.8468446977156352,27354.03185959312,71.4,Manchester,0.009024390689283,9749.842105263158,31.797339392362044,0.0978405222937746,0.36124920070489,23,1.940655323,2.685979468,0.0,4.598509352,4.427986133,8.05231642,0.0,12.811219669999998,24.77103773,15.595000000000002,84.785,12.8147852,83.3,29.099999999999994,0.3952105263157895,24415.0,47,112.4
40,E08000005,2.965909090909091,-0.7834817578968059,-8403.039703028311,78.6,Rochdale,0.0078317825828064,8946.36,39.040008206272425,0.1720390308680784,0.3120795145863152,25,1.907356948,3.678474114,0.034059946,1.942078365,0.62707488,1.549243821,0.0,8.33640723,18.92479714,24.224,88.738,16.8771624,88.1,37.3,0.4236,12530.0,49,98.7
41,E08000008,2.910891089108911,-0.5393889223834656,-8824.534825243843,91.9,Tameside,0.00699831702909,7570.566666666667,40.50103508207992,0.1805367768291434,0.2945643950530454,30,1.371841155,2.454873646,0.0,2.671480144,2.140443109,5.031918888,0.037551633,6.574004508000001,17.373172,25.2,88.989,26.8794857,81.89999999999999,41.1,0.3753,12465.0,52,117.9
42,E08000009,3.231707317073171,-0.3215085960202861,-9125.130764933085,96.6,Trafford,0.007759021872488,8484.964285714286,40.93627603304487,0.177534860611246,0.3002275907935726,31,1.408959538,0.939306358,0.0,2.565028902,4.516346478,2.359285474,0.37074486,7.255098628999999,8.56983862,6.023999999999996,64.486,16.2286545,83.0,16.700000000000003,0.5482142857142857,12470.0,53,112.4
43,E08000010,3.0839694656488548,-0.4529994208747434,-3203.5975239081936,79.4,Wigan,0.0053942494050685,8267.8,41.94715433798223,0.192254670690274,0.2802062945547728,33,1.556852933,2.251876564,0.027800945,2.614015573,0.403923832,0.807847663,0.115406809,5.199306759,14.27110846,13.227999999999994,82.62899999999999,7.9431528,56.7,37.0,0.40275,17210.0,54,97.7
44,E08000012,3.0118343195266277,-0.1941080776775686,9778.515960073615,73.5,Liverpool,0.0057981382903474,8204.491803278688,37.31996879982708,0.1568853524153482,0.3132799049887265,22,1.418026418,3.108003108,0.0,3.632478632,6.080634501,7.644855695000001,0.0,5.155320555,24.02755492,27.171000000000014,85.07900000000001,12.5184299,86.9,35.7,0.3956229508196721,22185.0,41,105.8
45,E08000013,2.985074626865672,0.4093054684157032,-15620.30744019414,80.7,St. Helens,0.0059039483696104,7873.695652173913,43.10058615216081,0.2133742137686217,0.2709594242185526,28,1.839303001,2.952565344,0.0,3.146176186,0.152284264,0.659898477,0.0,10.69979716,15.83864916,25.343999999999987,88.069,4.1602057,80.80000000000001,35.90000000000001,0.4143478260869564,9570.0,42,98.5
46,E08000014,2.9375,0.08192891983837,-9039.804344429222,90.7,Sefton,0.0058860695144446,7260.5,45.755637416350346,0.2396006041011475,0.26228570815839,27,1.048218029,2.236198463,0.139762404,2.309307208,0.4444444439999999,2.222222222,0.185185185,4.322766571,15.29370524,28.924000000000007,89.264,9.8654255,62.79999999999999,38.5,0.4552631578947368,14435.0,43,97.7
47,E08000015,2.982905982905983,-1.772583036071906,-3762.011541007685,89.4,Wirral,0.0033133788110817,7722.285714285715,43.94560505291487,0.2210879327260221,0.2760238255422695,34,1.95585359,3.2411288070000004,0.0,0.335289187,2.014968336,4.231433506,0.0,3.595696489,17.01661421,20.135,82.07,9.0541438,71.10000000000001,32.99999999999999,0.4668333333333333,17500.0,44,97.7
48,E08000018,2.83495145631068,-0.293871542029036,-6497.467235178877,80.0,Rotherham,0.006608204147791,8029.818181818182,41.990266650932455,0.1992428624901376,0.2874523449807306,45,0.428054001,1.317089233,0.0,1.21830754,0.639515315,1.783911141,0.0,1.413665433,15.072489589999998,30.367,89.884,8.567048400000001,61.6,45.10000000000001,0.3550606060606061,15345.0,57,106.1
49,E08000019,3.0,0.1353980424587667,15981.709902439636,75.5,Sheffield,0.0041750642911832,8417.342857142858,38.23173550936384,0.170909870339531,0.3195902286729072,46,1.160285099,1.839880656,0.0,1.077407592,2.0023757,3.784150687,0.0,5.124724249,20.30140523,21.843,80.235,15.4827754,79.4,36.6,0.4063857142857143,27020.0,58,106.1
50,E08000024,2.98019801980198,0.7313067076226519,-7902.958849281276,74.9,Sunderland,0.0043580602486509,7717.944444444444,42.13038099861771,0.2009972758893935,0.2750987081702953,11,0.636492221,0.0,0.601131542,1.529704731,0.94855892,0.0,2.553812477,3.406963684,20.99619089,31.703000000000003,87.952,13.1834237,29.799999999999997,37.7,0.3699722222222222,14770.0,68,79.3
51,E08000025,2.894977168949772,-2.700618791287745,89798.33520736491,71.6,Birmingham,0.0069100925726361,8640.34090909091,34.08860658561779,0.1380494818306974,0.3626699529764856,59,2.443373176,3.466948425,0.046225979,3.077939234,6.144352026,6.372417493999999,0.516501207,10.5724496,24.36733834,26.756,80.928,11.3241771,94.8,30.40000000000001,0.4587575757575757,62235.0,33,82.8
52,E08000026,2.921052631578948,-0.581537736204063,3441.1909441983457,72.8,Coventry,0.0058372070831686,9033.02380952381,34.19218408889498,0.143625707156879,0.3379842943638962,60,1.136632726,1.515510301,0.0,1.870708027,3.1380753140000004,5.413179916,0.0,4.837866109,15.81079875,26.602000000000004,87.824,12.9619961,74.6,38.1,0.4119523809523809,17080.0,34,105.5
53,E08000027,2.84,-1.3114983808057188,-1222.7970563388635,78.6,Dudley,0.0069738573914779,7496.813953488372,42.06068973922658,0.2073173972149579,0.2868057094688596,61,1.048218029,2.961215933,0.0,3.585246324,1.898364486,2.424065421,0.496495327,12.07897793,14.56261588,20.513000000000005,83.384,19.8634913,81.10000000000001,41.5,0.3989302325581395,17475.0,35,97.3
54,E08000028,2.862068965517241,-2.231879374110833,4252.023276121835,67.3,Sandwell,0.0109414804904422,8659.0,36.93371854435996,0.1553248145835226,0.3287192640460848,63,1.412803532,4.194260486,0.022075055,4.986760812,4.582146249,6.433998101,0.094966762,14.112615819999998,20.48053191,37.754,94.787,14.325923199999998,92.5,36.9,0.3971842105263158,18995.0,36,97.3
55,E08000029,3.1012658227848102,-2.1289834312180638,-12146.220079598665,111.6,Solihull,0.0090829141636692,7499.551724137931,42.34163548337747,0.2093171650031782,0.2903096184916046,65,2.310101801,3.328112764,0.313234143,2.435192459,4.233226837,4.033546326,0.559105431,10.44176707,13.30939831,11.580000000000002,86.139,14.8702697,93.9,32.3,0.4706551724137931,11770.0,37,76.0
56,E08000030,2.9130434782608696,-1.1613968474071656,-2938.7645699947875,73.8,Walsall,0.0092844186916415,7351.692307692308,39.34935679852793,0.1810665669394733,0.3157538372244284,69,1.071532001,4.083405734,0.318563568,4.36416185,3.959208158,5.548890222,0.359928014,14.13904371,18.82316398,25.402,86.399,11.481527,77.60000000000001,37.7,0.3888461538461539,15765.0,38,85.4
57,E08000031,2.967032967032967,-1.8445710373120536,-4220.986846314847,72.3,Wolverhampton,0.0084959237885866,8012.333333333333,38.57122406284434,0.1699645184780278,0.3141443704764635,71,2.211838006,3.831775701,0.0,4.579439252,4.766875435,3.862212944,0.139178845,10.27874564,20.08459484,31.50700000000001,87.198,22.931734,88.8,34.5,0.4471515151515151,14090.0,39,85.4
58,E08000032,2.8697916666666665,-1.6394244615428502,32269.664731044715,71.8,Bradford,0.0066161180848627,8887.344262295082,37.34725457847993,0.1552411819057595,0.3442048883363334,36,1.434893389,2.105404318,0.0134102189999999,2.561695279,4.219126708,6.897937315999999,0.040182159,10.08977623,17.7045031,27.079,89.47800000000001,2.5240288,85.2,33.3,0.4304098360655737,31185.0,59,102.1
59,E08000034,2.8950276243093924,0.4637651004561613,5739.672065644436,81.7,Kirklees,0.0051353119365801,7527.178571428572,40.40813289307816,0.1815949661739061,0.3056337722294159,40,1.530912659,1.707556428,0.0,2.082522382,2.255319149,3.042553191,0.042553191,7.508460237,18.98307091,16.73,78.789,10.674732,63.0,29.200000000000003,0.4579152542372881,23735.0,61,99.6
60,E08000035,2.9703703703703703,-0.8727693954150757,48667.298995760175,87.0,Leeds,0.0050114420535381,7465.289719626168,37.467771582690375,0.1636070460960385,0.3295081482437365,41,2.119805948,2.77367644,0.0,0.611685298,2.379521692,3.136642231,0.0,5.107559188,15.623014129999998,25.396,85.51100000000001,0.4890972,80.5,39.900000000000006,0.3995981308411215,37150.0,62,99.6
61,E08000036,2.984732824427481,-1.131722615837938,-1224.0780197137738,82.6,Wakefield,0.0056573478863197,7813.155555555555,41.63052069151465,0.1938838515618749,0.2789036471326102,47,0.640683396,2.028830753,0.0,1.7474185860000002,0.464037123,1.711136891,0.0,1.6064257030000002,13.05310153,20.26699999999999,87.075,12.7696882,80.89999999999999,45.4,0.3652666666666667,17985.0,63,121.6
62,E09000003,3.1347517730496453,1.22449611362311,-461.1255311561419,144.8,Barnet,0.009471107257612,9628.842105263158,37.76744801548568,0.1468140625813292,0.3055548303234752,130,2.43204578,2.742012399,0.0,6.938483548000001,5.332322467,8.213292899,0.0,19.23174122,11.34932585,11.993,72.70400000000001,5.292032,83.0,17.900000000000006,0.6296341463414634,16165.0,14,94.8
63,E09000005,3.1511627906976742,-1.325187386300234,-1489.127118089047,121.4,Brent,0.0126966852582415,9639.79411764706,35.66031170715673,0.1309669185619199,0.3243693545668116,132,2.389705882,2.862394958,0.026260504,11.05857631,6.420177701,8.025222127,0.0,28.26024649,11.03309722,21.419,79.167,6.1167068,77.4,17.700000000000003,0.6116176470588236,15300.0,16,93.0
64,E09000006,3.13265306122449,0.4232321658363459,-5176.254409515836,139.1,Bromley,0.0090336337497281,8532.102564102564,41.32702443987823,0.1787181495970275,0.2873949980540649,133,2.807107906,1.67396343,0.0,3.4766932780000004,6.111578357,4.850014017,0.0,16.96103168,8.730267943,18.70099999999999,78.887,11.4411962,92.5,40.6,0.5114615384615384,15265.0,17,79.6
65,E09000007,3.231884057971014,0.7572132461195066,-20507.2047528856,234.0,Camden,0.0056821215287576,9982.714285714286,34.04074118168948,0.1209299297967284,0.3052742977307399,115,2.076777848,4.405286344,0.0,10.9502832,6.145624582,5.878423514,0.0,26.45290581,24.94958352,21.383,87.64800000000001,9.4216878,73.5,29.099999999999994,0.5205714285714286,6080.0,1,72.4
66,E09000008,3.06140350877193,-0.3734243302324027,1789.5069970432796,112.9,Croydon,0.0119788449860644,8830.977272727272,38.32240733207275,0.1447956204010568,0.3146135750433094,134,1.776160924,1.326770811,0.0,8.41001498,6.965405154,5.595542141,0.0,26.67750174,19.84309388,33.951,90.283,6.4750971,84.8,35.90000000000001,0.5064318181818183,19495.0,18,85.6
67,E09000009,3.1649484536082477,-0.2274565378665121,2450.669230808832,130.3,Ealing,0.0128076916328929,8726.692307692309,37.26821817824865,0.1364883990253944,0.3143380760798167,135,2.300799225,2.15548559,0.1210946959999999,5.64985451,6.570680628,6.282722513,0.4188481679999999,22.42376446,13.29176782,15.081999999999995,82.772,11.1744329,89.5,18.099999999999994,0.626025641025641,15930.0,19,93.0
68,E09000010,3.042553191489361,-0.5349107025727551,4675.447638698131,109.1,Enfield,0.0131848120071045,9266.305555555557,36.764283985960574,0.139200168227536,0.3254979324085869,136,2.044566965,1.355387089,0.045945325,6.341911765,5.913729128,5.658627087,0.0,16.92165044,15.24543359,24.663,83.59100000000001,9.7545949,79.89999999999999,22.2,0.5757777777777778,18560.0,20,88.0
69,E09000011,3.05,0.1380319195815454,-3456.1149289181444,109.9,Greenwich,0.0118209835561487,8758.60606060606,35.821470127532464,0.1151364813088632,0.318651593549028,137,2.446236559,3.655913978,0.0,8.11827957,7.922705314,8.405797101,0.0,26.08695652,16.11014546,28.03100000000001,91.097,3.2978423,90.5,30.000000000000004,0.4858484848484848,12700.0,2,83.1
70,E09000016,3.098765432098765,1.1936859991557935,-11251.573863874795,100.6,Havering,0.0107986501687289,8655.827586206897,39.98015986566474,0.18658603821676,0.2972454525472623,139,2.047051635,3.269172013,0.0,3.391384051,4.321643642,3.1526744600000005,0.0,9.528869996,10.78936626,20.258,88.048,9.4571107,92.4,40.79999999999999,0.3635666666666666,14015.0,23,75.3
71,E09000017,3.0309278350515463,-1.1046500756355369,-4073.779271861833,120.2,Hillingdon,0.0129681389916804,9656.6875,37.20568460885878,0.1437074224559792,0.3206293481915792,140,1.963784749,1.530221882,0.0,5.253761795,6.879391101,5.06440281,0.0,14.75409836,12.41058792,28.328999999999997,88.13,9.0252708,90.9,34.900000000000006,0.51371875,14885.0,24,62.8
72,E09000019,3.2295081967213117,0.3360573988595114,-15365.07897019269,144.6,Islington,0.0056702712196101,10787.608695652174,31.723177701113613,0.0902803697348044,0.3043964862998222,120,3.916707982,0.0,3.272186415,9.892362891,6.424747174,0.0,7.138607970999999,29.276105060000003,28.101824010000005,25.123000000000005,87.58399999999999,10.7189974,85.0,27.4,0.5131739130434783,6800.0,5,101.4
73,E09000020,3.4285714285714284,1.139020993931583,-24787.682638629984,296.8,Kensington and Chelsea,0.0087069533985928,7469.714285714285,39.99927737705595,0.1639977384540486,0.2679176409760112,121,4.966139955,9.367945824,0.0,10.60948081,6.686046512000001,10.31976744,0.0,28.197674419999995,19.1305003,23.48,82.158,16.478342700000002,95.0,19.90000000000001,0.3161904761904762,2445.0,6,95.5
74,E09000022,3.2439024390243905,0.5382351198105172,-8081.677763911994,137.9,Lambeth,0.0089163805508764,9194.657142857142,33.46524342986178,0.0876411515516084,0.276202375947524,122,2.714134649,2.255904124,0.0,8.706379979,8.336491095,6.896551724,0.0,31.03448276,22.25513842,24.414,77.757,11.6427044,92.3,23.8,0.5297142857142857,11190.0,7,101.4
75,E09000025,3.0843373493975905,-2.110267220794936,8998.846943336941,101.7,Newham,0.0137299186091106,9601.783783783783,32.86146341830028,0.0831734678245235,0.3431748057035792,124,1.141602634,1.536772777,0.0,2.173435785,4.948105238,3.813661598,0.0,4.827419744,13.62450898,12.977000000000006,67.645,6.2715585,98.0,21.8,0.5556756756756757,17800.0,28,83.1
76,E09000027,3.4375,1.988524021509373,-16061.915862516891,155.3,Richmond upon Thames,0.0089180514362328,8614.826086956522,41.2553757876664,0.1617832965019748,0.2884770917332469,145,2.806122449,1.573129252,1.403061224,1.765719208,5.828877005,5.614973262,1.604278075,15.197404,7.727339503,24.706000000000007,75.348,4.0659422,86.2,33.3,0.5843478260869565,5750.0,30,93.0
77,E09000028,3.171717171717172,0.3959287365932279,-6244.883923567239,121.4,Southwark,0.0077004059812895,9697.484848484848,33.669586550796375,0.0884064530514972,0.2973532704924288,125,1.642451042,1.800379027,0.0,6.632975363,7.135173897,6.310505558,0.0,17.92757261,22.15716344,18.712000000000007,80.357,11.4829396,84.8,21.40000000000001,0.5468181818181819,11365.0,9,101.4
78,E09000029,3.16,0.922553980476474,-14223.879842424338,135.4,Sutton,0.0109375381982642,8654.458333333334,39.68152199180764,0.155135857793744,0.2998274594998815,146,2.688573562,4.480955937,0.0,10.8995894,4.770017036,1.746166951,1.533219761,13.66782007,11.10504278,12.304000000000004,68.218,5.0738377,92.9,21.90000000000001,0.519875,10515.0,31,71.2
79,E09000030,3.1359223300970878,-1.5693044079951908,-6292.946063922836,121.8,Tower Hamlets,0.0061157362962496,10374.03125,31.565588574665306,0.0685430439545071,0.3285137025957672,126,2.087170043,2.179251074,0.0,2.302025783,5.174096974,5.66221933,0.0,7.061503416999999,33.60692301,26.225999999999992,90.029,1.5901862999999998,72.10000000000001,21.8,0.53909375,11430.0,10,101.4
80,E09000031,3.064935064935065,-0.7384279444858847,-3264.4724082795133,113.0,Waltham Forest,0.0128008673653776,9890.714285714286,35.84078241716238,0.1136024428461137,0.3141227149516132,147,1.828206616,1.97330238,0.0,3.395240859,3.979591837,3.503401361,0.0,13.16326531,14.01177889,24.883999999999997,93.34,6.8936992,76.2,28.9,0.5396785714285715,13365.0,32,83.1
81,E09000032,3.2413793103448274,0.8558844990375066,-12293.347382411232,188.9,Wandsworth,0.0084018941784031,8911.756756756757,33.882614640438035,0.0985085231252531,0.2782104234297704,127,3.76984127,3.637566138,0.0,6.746031746,9.418282548,7.29455217,0.092336103,24.16820702,15.47062112,23.902,85.83000000000001,5.6552668,90.6,22.6,0.5787297297297297,8240.0,11,95.5
82,E09000033,3.2295081967213117,0.2438429662696939,-21139.450254800537,256.6,Westminster,0.0070929485673105,11243.666666666666,36.07248226013781,0.1265063883608038,0.2779131679355167,128,4.048582996,2.186234818,0.0,9.95951417,7.211120765,10.86012163,0.0,24.15291051,22.00483623,18.696,75.971,6.3918185,95.0,22.0,0.5908333333333333,5265.0,12,95.5
